{"flutter":{"platforms":{"android":{"default":{"projectId":"product-db-85e8a","appId":"1:18023501644:android:c43da7c0506ca876dbc9e9","fileOutput":"android/app/google-services.json"}},"dart":{"lib/firebase_options.dart":{"projectId":"product-db-85e8a","configurations":{"android":"1:18023501644:android:c43da7c0506ca876dbc9e9","ios":"1:18023501644:ios:0c3decd29a070fc5dbc9e9","macos":"1:18023501644:ios:0c3decd29a070fc5dbc9e9","web":"1:18023501644:web:6e4212e771fd2bc4dbc9e9","windows":"1:18023501644:web:8bd0d0bb87be78a8dbc9e9"}}}}}}