{
  "project_info": {
    "project_number": "18023501644",
    "project_id": "product-db-85e8a",
    "storage_bucket": "product-db-85e8a.appspot.com"
  },
  "client": [
    {
      "client_info": {
        "mobilesdk_app_id": "1:18023501644:android:c43da7c0506ca876dbc9e9",
        "android_client_info": {
          "package_name": "com.example.uts_product"
        }
      },
      "oauth_client": [],
      "api_key": [
        {
          "current_key": "AIzaSyDX6qSh5dY2fjQQeyTheUmW8WXbUxazoBs"
        }
      ],
      "services": {
        "appinvite_service": {
          "other_platform_oauth_client": []
        }
      }
    }
  ],
  "configuration_version": "1"
}